Sample_ID,sampleid,year
Pv17-001,17RH0001,2017
Pv17-002,17RH0002,2017
Pv17-003,17RH0003,2017
Pv17-004,17RH0004,2017
Pv17-005,17RH0005,2017
Pv17-006,17RH0006,2017
Pv17-007,17RH0007,2017
Pv17-008,17RH0008,2017
Pv17-009,17RH0009,2017
Pv17-010,17RH0010,2017
Pv17-011,17RH0011,2017
Pv17-012,17RH0012,2017
Pv17-013,17RH0013,2017
Pv17-014,17RH0014,2017
Pv17-015,17RH0015,2017
Pv17-016,17RH0016,2017
Pv17-017,17RH0017,2017
Pv17-018,17RH0018,2017
Pv17-019,17RH0019,2017
Pv17-020,17RH0020,2017
Pv17-021,17RH0021,2017
Pv17-022,17RH0022,2017
Pv17-023,17RH0023,2017
NTC_1,NTC_1,NA
Pv17-024,17RH0024,2017
Pv17-025,17RH0025,2017
Pv17-026,17RH0026,2017
Pv17-027,17RH0027,2017
Pv17-028,17RH0028,2017
Pv17-029,17RH0029,2017
Pv17-030,17RH0030,2017
Pv17-031,17RH0031,2017
Pv17-032,17RH0032,2017
Pv17-033,17RH0033,2017
Pv17-034,17RH0034,2017
Pv17-035,17RH0035,2017
Pv17-036,17RH0036,2017
Pv17-037,17RH0037,2017
Pv17-038,17RH0038,2017
Pv17-039,17RH0039,2017
Pv17-040,17RH0040,2017
Pv17-041,17RH0041,2017
Pv17-042,17RH0042,2017
Pv17-043,17RH0043,2017
Pv17-044,17RH0044,2017
Pv17-045,17RH0045,2017
Pv17-046,17RH0046,2017
NTC_2,NTC_2,NA
Pv17-047,17RH0047,2017
Pv17-048,17RH0048,2017
Pv17-049,17RH0049,2017
Pv17-050,17RH0050,2017
Pv17-051,17RH0051,2017
Pv17-052,17RH0052,2017
Pv17-053,17RH0053,2017
Pv17-054,17RH0054,2017
Pv17-055,17RH0055,2017
Pv17-056,17RH0056,2017
Pv17-057,17RH0057,2017
Pv17-058,17RH0058,2017
Pv17-059,17RH0059,2017
Pv17-060,17RH0060,2017
Pv17-061,17RH0061,2017
Pv17-062,17RH0062,2017
Pv17-063,17RH0063,2017
Pv17-064,17RH0064,2017
Pv17-065,17RH0065,2017
Pv17-066,17RH0066,2017
Pv17-067,17RH0067,2017
Pv17-068,17RH0068,2017
Pv17-069,17RH0069,2017
NTC_3,NTC_3,NA
Pv17-070,17RH0070,2017
Pv17-071,17RH0071,2017
Pv17-072,17RH0072,2017
Pv17-073,17RH0073,2017
Pv17-074,17RH0074,2017
Pv17-075,17RH0075,2017
Pv17-076,17RH0076,2017
Pv17-077,17RH0077,2017
Pv17-078,17RH0078,2017
Pv17-079,17RH0079,2017
Pv17-080,17RH0080,2017
Pv17-081,17RH0081,2017
Pv17-082,17RH0082,2017
Pv17-083,17RH0083,2017
Pv17-084,17RH0084,2017
Pv17-085,17RH0085,2017
Pv17-086,17RH0086,2017
Pv17-087,17RH0087,2017
Pv17-088,17RH0088,2017
Pv17-089,17RH0089,2017
Pv17-090,17RH0090,2017
Pv17-091,17RH0091,2017
Pv17-092,17RH0092,2017
NTC_4,NTC_4,NA
Pv17-093,17RH0093,2017
Pv17-094,17RH0094,2017
Pv17-095,17RH0095,2017
Pv17-096,17RH0096,2017
Pv17-097,17RH0097,2017
Pv17-098,17RH0098,2017
Pv17-099,17RH0099,2017
Pv17-100,17RH0100,2017
Pv17-101,17RH0101,2017
Pv17-102,17RH0102,2017
Pv17-103,17RH0103,2017
Pv17-104,17RH0104,2017
Pv17-105,17RH0105,2017
Pv17-106,17RH0106,2017
Pv17-107,17RH0107,2017
Pv17-108,17RH0108,2017
Pv17-109,17RH0109,2017
Pv17-110,17RH0110,2017
Pv17-111,17RH0111,2017
Pv17-112,17RH0112,2017
Pv17-113,17RH0113,2017
Pv17-114,17RH0114,2017
Pv17-115,17RH0115,2017
NTC_5,NTC_5,NA
Pv17-116,17RH0116,2017
Pv17-117,17RH0117,2017
Pv17-118,17RH0118,2017
Pv17-119,17RH0119,2017
Pv17-120,17RH0120,2017
Pv17-121,17RH0121,2017
Pv17-122,17RH0122,2017
Pv17-123,17RH0123,2017
Pv17-124,17RH0124,2017
Pv17-125,17RH0125,2017
Pv17-126,17RH0126,2017
Pv17-127,17RH0127,2017
Pv17-128,17RH0128,2017
Pv17-129,17RH0129,2017
Pv17-130,17RH0130,2017
Pv17-131,17RH0131,2017
Pv17-132,17RH0132,2017
Pv17-133,17RH0133,2017
Pv17-134,17RH0134,2017
Pv17-135,17RH0135,2017
Pv17-136,17RH0136,2017
Pv17-137,17RH0137,2017
Pv17-138,17RH0138,2017
NTC_6,NTC_6,NA
Pv17-139,17RH0139,2017
Pv17-140,17RH0140,2017
Pv17-141,17RH0141,2017
Pv17-142,17RH0142,2017
Pv17-143,17RH0143,2017
Pv17-144,17RH0144,2017
Pv17-145,17RH0145,2017
Pv17-146,17RH0146,2017
Pv17-147,17RH0147,2017
Pv17-148,17RH0148,2017
Pv17-149,17RH0149,2017
Pv17-150,17RH0150,2017
Pv17-151,17RH0151,2017
Pv17-152,17RH0152,2017
Pv17-153,17RH0153,2017
Pv17-154,17RH0154,2017
Pv17-155,17RH0155,2017
Pv17-156,17RH0156,2017
Pv17-157,17RH0157,2017
Pv17-158,17RH0158,2017
Pv17-159,17RH0159,2017
Pv17-160,17RH0160,2017
Pv17-161,17RH0161,2017
NTC_7,NTC_7,NA
Pv17-162,17RH0162,2017
Pv17-163,17RH0163,2017
Pv17-164,17RH0164,2017
Pv17-165,17RH0165,2017
Pv17-166,17RH0166,2017
Pv17-167,17RH0167,2017
Pv17-168,17RH0168,2017
Pv17-169,17RH0169,2017
Pv17-170,17RH0170,2017
Pv17-171,17RH0171,2017
Pv17-172,17RH0172,2017
Pv17-173,17RH0173,2017
Pv17-174,17RH0174,2017
Pv17-175,17RH0175,2017
Pv17-176,17RH0176,2017
Pv17-177,17RH0177,2017
Pv17-178,17RH0178,2017
Pv17-179,17RH0179,2017
Pv17-180,17RH0180,2017
Pv17-181,17RH0181,2017
Pv17-182,17RH0182,2017
Pv17-183,17RH0183,2017
Pv17-184,17RH0184,2017
NTC_8,NTC_8,NA
Pv17-185,17RH0185,2017
Pv17-186,17RH0186,2017
Pv17-187,17RH0187,2017
Pv17-188,17RH0188,2017
Pv17-189,17RH0189,2017
Pv17-190,17RH0190,2017
Pv17-191,17RH0191,2017
Pv17-192,17RH0192,2017
Pv17-193,17RH0193,2017
Pv17-194,17RH0194,2017
Pv17-195,17RH0195,2017
Pv17-196,17RH0196,2017
Pv17-197,17RH0197,2017
Pv17-198,17RH0198,2017
Pv17-199,17RH0199,2017
Pv17-200,17RH0200,2017
Pv17-201,17RH0201,2017
Pv17-202,17RH0202,2017
Pv17-203,17RH0203,2017
Pv17-204,17RH0204,2017
Pv17-205,17RH0205,2017
Pv17-206,17RH0206,2017
Pv17-207,17RH0207,2017
Pv17-208,17RH0208,2017
Pv17-209,17RH0209,2017
Pv17-210,17RH0210,2017
Pv17-211,17RH0211,2017
Pv17-212,17RH0212,2017
Pv17-213,17RH0213,2017
Pv17-214,17RH0214,2017
Pv17-215,17RH0215,2017
NTC_9,NTC_9,NA
Pv17-216,17RH0216,2017
Pv17-217,17RH0217,2017
Pv17-218,17RH0218,2017
Pv17-219,17RH0219,2017
Pv17-220,17RH0220,2017
Pv17-221,17RH0221,2017
Pv17-222,17RH0222,2017
Pv17-223,17RH0223,2017
Pv17-224,17RH0224,2017
Pv17-225,17RH0225,2017
Pv17-226,17RH0226,2017
Pv17-227,17RH0227,2017
Pv17-228,17RH0228,2017
Pv17-229,17RH0229,2017
Pv17-230,17RH0230,2017
Pv17-231,17RH0231,2017
Pv17-232,17RH0232,2017
Pv17-233,17RH0233,2017
Pv17-558,17RH0234,2017
Pv17-559,17RH0235,2017
Pv17-560,17RH0236,2017
Pv17-561,17RH0237,2017
Pv17-562,17RH0238,2017
NTC_10,NTC_10,NA
Pv17-563,17RH0239,2017
Pv17-564,17RH0240,2017
Pv17-565,17RH0241,2017
Pv17-566,17RH0242,2017
Pv17-567,17RH0243,2017
Pv17-568,17RH0244,2017
Pv17-569,17RH0245,2017
Pv17-570,17RH0246,2017
Pv17-571,17RH0247,2017
Pv17-572,17RH0248,2017
Pv17-573,17RH0249,2017
Pv17-574,17RH0250,2017
Pv17-575,17RH0251,2017
Pv17-576,17RH0252,2017
Pv17-577,17RH0253,2017
Pv17-578,17RH0254,2017
Pv17-579,17RH0255,2017
Pv17-580,17RH0256,2017
Pv17-581,17RH0257,2017
Pv17-582,17RH0258,2017
Pv17-583,17RH0259,2017
Pv17-584,17RH0260,2017
Pv17-585,17RH0261,2017
Pv17-586,17RH0262,2017
Pv17-587,17RH0263,2017
Pv17-588,17RH0264,2017
Pv17-589,17RH0265,2017
Pv17-590,17RH0266,2017
Pv17-591,17RH0267,2017
Pv17-592,17RH0268,2017
Pv17-593,17RH0269,2017
Pv17-594,17RH0270,2017
Pv17-595,17RH0271,2017
Pv17-596,17RH0272,2017
Pv17-597,17RH0273,2017
Pv17-598,17RH0274,2017
Pv17-599,17RH0275,2017
Pv17-600,17RH0276,2017
Pv17-601,17RH0277,2017
Pv17-602,17RH0278,2017
Pv17-603,17RH0279,2017
Pv17-604,17RH0280,2017
Pv17-605,17RH0281,2017
Pv17-606,17RH0282,2017
Pv17-607,17RH0283,2017
Pv17-608,17RH0284,2017
Pv17-609,17RH0285,2017
Pv17-610,17RH0286,2017
Pv17-611,17RH0287,2017
Pv17-612,17RH0288,2017
Pv17-613,17RH0289,2017
Pv17-614,17RH0290,2017
Pv17-615,17RH0291,2017
Pv17-616,17RH0292,2017
Pv17-617,17RH0293,2017
Pv17-618,17RH0294,2017
Pv17-619,17RH0295,2017
Pv17-620,17RH0296,2017
Pv17-621,17RH0297,2017
Pv17-622,17RH0298,2017
Pv17-623,17RH0299,2017
Pv17-624,17RH0300,2017
Pv17-625,17RH0301,2017
Pv17-626,17RH0302,2017
Pv17-627,17RH0303,2017
Pv17-628,17RH0304,2017
Pv17-629,17RH0305,2017
Pv17-630,17RH0306,2017
Pv17-631,17RH0307,2017
Pv17-632,17RH0308,2017
Pv17-633,17RH0309,2017
Pv17-634,17RH0310,2017
Pv17-635,17RH0311,2017
Pv17-636,17RH0312,2017
Pv17-637,17RH0313,2017
Pv17-638,17RH0314,2017
Pv17-639,17RH0315,2017
Pv17-640,17RH0316,2017
Pv17-641,17RH0317,2017
Pv17-642,17RH0318,2017
Pv17-643,17RH0319,2017
Pv17-644,17RH0320,2017
Pv17-645,17RH0321,2017
Pv17-646,17RH0322,2017
Pv17-647,17RH0323,2017
Pv17-648,17RH0324,2017
Pv17-649,17RH0325,2017
Pv17-650,17RH0326,2017
Pv17-651,17RH0327,2017
Pv17-652,17RH0328,2017
Pv17-653,17RH0329,2017
Pv17-654,17RH0330,2017
Pv17-655,17RH0331,2017
Pv17-656,17RH0332,2017
Pv17-657,17RH0333,2017
Pv17-658,17RH0334,2017
Pv17-659,17RH0335,2017
Pv17-660,17RH0336,2017
Pv17-661,17RH0337,2017
Pv17-662,17RH0338,2017
Pv17-663,17RH0339,2017
Pv17-664,17RH0340,2017
Pv17-665,17RH0341,2017
Pv17-666,17RH0342,2017
Pv17-667,17RH0343,2017
Pv17-668,17RH0344,2017
Pv17-669,17RH0345,2017
Pv17-670,17RH0346,2017
Pv17-671,17RH0347,2017
Pv17-672,17RH0348,2017
Pv17-673,17RH0349,2017
Pv17-674,17RH0350,2017
Pv17-675,17RH0351,2017
Pv17-676,17RH0352,2017
Pv17-677,17RH0353,2017
Pv17-678,17RH0354,2017
Pv17-679,17RH0355,2017
Pv17-680,17RH0356,2017
Pv17-681,17RH0357,2017
Pv17-682,17RH0358,2017
Pv17-683,17RH0359,2017
Pv17-684,17RH0360,2017
Pv17-685,17RH0361,2017
Pv17-686,17RH0362,2017
Pv17-687,17RH0363,2017
Pv17-688,17RH0364,2017
Pv17-689,17RH0365,2017
Pv17-690,17RH0366,2017
Pv17-691,17RH0367,2017
Pv17-692,17RH0368,2017
Pv17-693,17RH0369,2017
Pv17-694,17RH0370,2017
Pv17-695,17RH0371,2017
Pv17-696,17RH0372,2017
Pv17-697,17RH0373,2017
Pv17-698,17RH0374,2017
Pv17-699,17RH0375,2017
Pv17-700,17RH0376,2017
Pv17-701,17RH0377,2017
Pv17-702,17RH0378,2017
Pv17-703,17RH0379,2017
Pv17-704,17RH0380,2017
Pv17-705,17RH0381,2017
Pv17-706,17RH0382,2017
Pv17-707,17RH0383,2017
Pv17-708,17RH0384,2017
Pv17-709,17RH0385,2017
Pv17-710,17RH0386,2017
Pv17-711,17RH0387,2017
Pv17-712,17RH0388,2017
Pv17-713,17RH0389,2017
Pv17-714,17RH0390,2017
Pv17-715,17RH0391,2017
Pv17-716,17RH0392,2017
Pv17-717,17RH0393,2017
Pv17-718,17RH0394,2017
Pv17-719,17RH0395,2017
Pv17-720,17RH0396,2017
Pv17-721,17RH0397,2017
Pv17-722,17RH0398,2017
Pv17-723,17RH0399,2017
Pv17-724,17RH0400,2017
Pv18-0001,18QY0001,2018
Pv18-0002,18QY0002,2018
Pv18-0003,18QY0003,2018
Pv18-0004,18QY0004,2018
Pv18-0005,18QY0005,2018
Pv18-0006,18QY0006,2018
Pv18-0007,18QY0007,2018
Pv18-0008,18QY0008,2018
Pv18-0009,18QY0009,2018
Pv18-0010,18QY0010,2018
Pv18-0011,18QY0011,2018
Pv18-0012,18QY0012,2018
Pv18-0992,18QY0013,2018
Pv18-0993,18QY0014,2018
Pv18-0994,18QY0015,2018
Pv18-0996,18QY0016,2018
Pv18-0997,18QY0017,2018
Pv18-0998,18QY0018,2018
Pv18-0999,18QY0019,2018
Pv18-1000,18QY0020,2018
Pv18-1001,18QY0021,2018
Pv18-1002,18QY0022,2018
Pv18-1003,18QY0023,2018
Pv18-1004,18QY0024,2018
Pv18-1005,18QY0025,2018
Pv18-1006,18QY0026,2018
Pv18-1007,18QY0027,2018
Pv18-1008,18QY0028,2018
Pv18-1009,18QY0029,2018
Pv18-1010,18QY0030,2018
Pv18-1011,18QY0031,2018
Pv18-1012,18QY0032,2018
Pv18-1013,18QY0033,2018
Pv18-1014,18QY0034,2018
Pv18-1015,18QY0035,2018
Pv18-1016,18QY0036,2018
Pv18-1017,18QY0037,2018
Pv18-1018,18QY0038,2018
Pv18-1019,18QY0039,2018
Pv18-1020,18QY0040,2018
Pv18-1021,18QY0041,2018
Pv18-1022,18QY0042,2018
Pv18-1023,18QY0043,2018
Pv18-1024,18QY0044,2018
Pv18-1025,18QY0045,2018
Pv18-1026,18QY0046,2018
Pv18-1027,18QY0047,2018
Pv18-1028,18QY0048,2018
Pv18-1029,18QY0049,2018
Pv18-1030,18QY0050,2018
Pv18-1031,18QY0051,2018
Pv18-1032,18QY0052,2018
Pv18-1033,18QY0053,2018
Pv18-1034,18QY0054,2018
Pv18-1035,18QY0055,2018
Pv18-1036,18QY0056,2018
Pv18-1037,18QY0057,2018
Pv18-1038,18QY0058,2018
Pv18-1039,18QY0059,2018
Pv18-1040,18QY0060,2018
Pv18-1041,18QY0061,2018
Pv18-1042,18QY0062,2018
Pv18-1043,18QY0063,2018
Pv18-1044,18QY0064,2018
Pv18-1045,18QY0065,2018
Pv18-1046,18QY0066,2018
Pv18-1047,18QY0067,2018
Pv18-1048,18QY0068,2018
Pv18-1049,18QY0069,2018
Pv18-1050,18QY0070,2018
Pv18-1051,18QY0071,2018
Pv18-1052,18QY0072,2018
Pv18-1053,18QY0073,2018
Pv18-1054,18QY0074,2018
Pv18-1055,18QY0075,2018
Pv18-1056,18QY0076,2018
Pv18-1057,18QY0077,2018
Pv18-1058,18QY0078,2018
Pv18-1059,18QY0079,2018
Pv18-1060,18QY0080,2018
Pv18-1061,18QY0081,2018
Pv18-1062,18QY0082,2018
Pv18-1063,18QY0083,2018
Pv18-1064,18QY0084,2018
Pv18-1065,18QY0085,2018
Pv18-1066,18QY0086,2018
Pv18-1067,18QY0087,2018
Pv18-1068,18QY0088,2018
Pv18-1069,18QY0089,2018
Pv18-1070,18QY0090,2018
Pv18-1071,18QY0091,2018
Pv18-1072,18QY0092,2018
Pv18-1073,18QY0093,2018
Pv18-1074,18QY0094,2018
Pv18-1075,18QY0095,2018
Pv18-1076,18QY0096,2018
Pv18-1077,18QY0097,2018
Pv18-1078,18QY0098,2018
Pv18-1079,18QY0099,2018
Pv18-1080,18QY0100,2018
Pv18-1081,18QY0101,2018
Pv18-1082,18QY0102,2018
Pv18-1083,18QY0103,2018
Pv18-1084,18QY0104,2018
Pv18-1085,18QY0105,2018
Pv18-1086,18QY0106,2018
Pv18-1087,18QY0107,2018
Pv18-1088,18QY0108,2018
Pv18-1089,18QY0109,2018
Pv18-1090,18QY0110,2018
Pv18-1091,18QY0111,2018
Pv18-1092,18QY0112,2018
Pv18-1093,18QY0113,2018
Pv18-1094,18QY0114,2018
Pv18-1095,18QY0115,2018
Pv18-1096,18QY0116,2018
Pv18-1097,18QY0117,2018
Pv18-1098,18QY0118,2018
Pv18-1099,18QY0119,2018
Pv18-1100,18QY0120,2018
Pv18-1101,18QY0121,2018
Pv18-1102,18QY0122,2018
Pv18-1103,18QY0123,2018
Pv18-1104,18QY0124,2018
Pv18-1105,18QY0125,2018
Pv18-1106,18QY0126,2018
Pv18-1107,18QY0127,2018
Pv18-1108,18QY0128,2018
Pv18-1109,18QY0129,2018
Pv18-1110,18QY0130,2018
Pv18-1111,18QY0131,2018
Pv18-1112,18QY0132,2018
Pv18-1113,18QY0133,2018
Pv18-1114,18QY0134,2018
Pv18-1115,18QY0135,2018
Pv18-1116,18QY0136,2018
Pv18-1117,18QY0137,2018
Pv18-1118,18QY0138,2018
Pv18-1119,18QY0139,2018
Pv18-1120,18QY0140,2018
Pv18-1121,18QY0141,2018
Pv18-1122,18QY0142,2018
Pv18-1123,18QY0143,2018
Pv18-1124,18QY0144,2018
Pv18-1125,18QY0145,2018
Pv18-1126,18QY0146,2018
Pv18-1127,18QY0147,2018
Pv18-1128,18QY0148,2018
Pv18-1129,18QY0149,2018
Pv18-1130,18QY0150,2018
Pv18-1131,18QY0151,2018
Pv18-1132,18QY0152,2018
Pv18-1133,18QY0153,2018
Pv18-1134,18QY0154,2018
Pv18-1135,18QY0155,2018
Pv18-1136,18QY0156,2018
Pv18-1137,18QY0157,2018
Pv18-1138,18QY0158,2018
Pv18-1139,18QY0159,2018
Pv18-1140,18QY0160,2018
Pv18-1141,18QY0161,2018
Pv18-1142,18QY0162,2018
Pv18-1143,18QY0163,2018
Pv18-1144,18QY0164,2018
Pv18-1145,18QY0165,2018
Pv18-1146,18QY0166,2018
Pv18-1147,18QY0167,2018
Pv18-1148,18QY0168,2018
Pv18-1149,18QY0169,2018
Pv18-1150,18QY0170,2018
Pv18-1151,18QY0171,2018
Pv18-1152,18QY0172,2018
Pv18-1153,18QY0173,2018
Pv18-1154,18QY0174,2018
Pv18-1155,18QY0175,2018
Pv18-1156,18QY0176,2018
Pv18-1157,18QY0177,2018
Pv18-1158,18QY0178,2018
Pv18-1159,18QY0179,2018
Pv18-1160,18QY0180,2018
Pv18-1161,18QY0181,2018
Pv18-1162,18QY0182,2018
Pv18-1163,18QY0183,2018
Pv18-1164,18QY0184,2018
Pv18-1165,18QY0185,2018
Pv18-1166,18QY0186,2018
Pv18-1167,18QY0187,2018
Pv18-1168,18QY0188,2018
Pv18-1169,18QY0189,2018
Pv18-1170,18QY0190,2018
Pv18-1171,18QY0191,2018
Pv18-1172,18QY0192,2018
Pv18-1173,18QY0193,2018
Pv18-1174,18QY0194,2018
Pv18-1175,18QY0195,2018
Pv18-1176,18QY0196,2018
Pv18-1177,18QY0197,2018
Pv18-1178,18QY0198,2018
Pv18-1179,18QY0199,2018
Pv18-1180,18QY0200,2018
Pv18-1181,18QY0201,2018
Pv18-1182,18QY0202,2018
Pv18-1183,18QY0203,2018
Pv18-1184,18QY0204,2018
Pv18-1185,18QY0205,2018
Pv18-1186,18QY0206,2018
Pv18-1187,18QY0207,2018
Pv18-1188,18QY0208,2018
Pv18-1189,18QY0209,2018
Pv18-1190,18QY0210,2018
Pv18-1191,18QY0211,2018
Pv18-1192,18QY0212,2018
Pv18-1193,18QY0213,2018
Pv18-1194,18QY0214,2018
Pv18-1195,18QY0215,2018
Pv18-1196,18QY0216,2018
Pv18-1197,18QY0217,2018
Pv18-1198,18QY0218,2018
Pv18-1199,18QY0219,2018
Pv18-1200,18QY0220,2018
Pv18-1201,18QY0221,2018
Pv18-1202,18QY0222,2018
Pv18-1203,18QY0223,2018
Pv18-1204,18QY0224,2018
Pv18-1205,18QY0225,2018
Pv18-1206,18QY0226,2018
Pv18-1207,18QY0227,2018
Pv18-1208,18QY0228,2018
Pv18-1209,18QY0229,2018
Pv18-1210,18QY0230,2018
Pv18-1211,18QY0231,2018
Pv18-1212,18QY0232,2018
Pv18-1213,18QY0233,2018
Pv18-1214,18QY0234,2018
Pv18-1215,18QY0235,2018
Pv18-1216,18QY0236,2018
Pv18-1217,18QY0237,2018
Pv18-1218,18QY0238,2018
Pv18-1219,18QY0239,2018
Pv18-1220,18QY0240,2018
Pv18-1221,18QY0241,2018
Pv18-1222,18QY0242,2018
Pv18-1223,18QY0243,2018
Pv18-1224,18QY0244,2018
Pv18-1225,18QY0245,2018
Pv18-1226,18QY0246.2,2018
Pv18-1227,18QY0246,2018
Pv18-1228,18QY0247,2018
Pv18-1229,18QY0248,2018
Pv18-1230,18QY0249,2018
Pv18-1231,18QY0250,2018
Pv18-1232,18QY0251,2018
Pv18-1233,18QY0252,2018
Pv18-1234,18QY0253,2018
Pv18-1235,18QY0254,2018
Pv18-1236,18QY0255,2018
Pv18-1237,18QY0256,2018
Pv18-1238,18QY0257,2018
Pv18-1239,18QY0258,2018
Pv18-1240,18QY0259,2018
Pv18-1241,18QY0260,2018
Pv18-1242,18QY0261,2018
Pv18-1243,18QY0262,2018
Pv18-1244,18QY0263,2018
Pv18-1245,18QY0264,2018
Pv18-1246,18QY0265,2018
Pv18-1247,18QY0266,2018
Pv18-1248,18QY0267,2018
Pv18-1249,18QY0268,2018
Pv18-1250,18QY0269,2018
Pv18-1251,18QY0270,2018
Pv18-1252,18QY0271,2018
Pv18-1253,18QY0272,2018
Pv18-1254,18QY0273,2018
Pv18-1255,18QY0274,2018
Pv18-1256,18QY0275,2018
Pv18-1257,18QY0276,2018
Pv18-1258,18QY0277,2018
Pv18-1259,18QY0278,2018
Pv18-1260,18QY0279,2018
Pv18-1261,18QY0280,2018
Pv18-1262,18QY0281,2018
Pv18-1263,18QY0282,2018
Pv18-1264,18QY0283,2018
Pv18-1265,18QY0284,2018
Pv18-1266,18QY0285,2018
Pv18-1267,18QY0286,2018
Pv18-1268,18QY0287,2018
Pv18-1269,18QY0288,2018
Pv18-1270,18QY0289,2018
Pv18-1271,18QY0290,2018
Pv18-1272,18QY0291,2018
Pv18-1273,18QY0292,2018
Pv18-1274,18QY0293,2018
Pv18-1275,18QY0294,2018
Pv18-1276,18QY0295,2018
Pv18-1277,18QY0296,2018
Pv18-1278,18QY0297,2018
Pv18-1279,18QY0298,2018
Pv18-1280,18QY0299,2018
Pv18-1281,18QY0300,2018
Pv18-1282,18QY0301,2018
Pv18-1283,18QY0302,2018
Pv18-1284,18QY0303,2018
Pv18-1285,18QY0304,2018
Pv18-1286,18QY0305,2018
Pv18-1287,18QY0306,2018
Pv18-1288,18QY0307,2018
Pv18-1289,18QY0308,2018
Pv18-1290,18QY0309,2018
Pv18-1291,18QY0310,2018
Pv18-1292,18QY0311,2018
Pv18-1293,18QY0312,2018
Pv18-1294,18QY0313,2018
Pv18-1295,18QY0314,2018
Pv18-1296,18QY0315,2018
Pv18-1297,18QY0316,2018
Pv18-1298,18QY0317,2018
Pv18-1299,18QY0318,2018
Pv18-1300,18QY0319,2018
Pv18-1301,18QY0320,2018
Pv18-1302,18QY0321,2018
Pv18-1303,18QY0322,2018
Pv18-1304,18QY0323,2018
Pv18-1305,18QY0324,2018
Pv18-1306,18QY0325,2018
Pv18-1307,18QY0326,2018
Pv18-1308,18QY0327,2018
Pv18-1309,18QY0328,2018
Pv18-1310,18QY0329,2018
Pv18-1311,18QY0330,2018
Pv18-1312,18QY0331,2018
Pv18-1313,18QY0332,2018
Pv18-1314,18QY0333,2018
Pv18-1315,18QY0334,2018
Pv18-1316,18QY0335,2018
Pv18-1317,18QY0336,2018
Pv18-1318,18QY0337,2018
Pv18-1319,18QY0338,2018
Pv18-1320,18QY0339,2018
Pv18-1321,18QY0340,2018
Pv18-1322,18QY0341,2018
Pv18-1323,18QY0342,2018
Pv18-1324,18QY0343,2018
Pv18-1325,18QY0344,2018
Pv18-1326,18QY0345,2018
Pv18-1327,18QY0346,2018
Pv18-1328,18QY0347,2018
Pv18-1329,18QY0348,2018
Pv18-1330,18QY0349,2018
Pv18-1331,18QY0350,2018
Pv18-1332,18QY0351,2018
Pv18-1333,18QY0352,2018
Pv18-1334,18QY0353,2018
Pv18-1335,18QY0354,2018
Pv18-1336,18QY0355,2018
Pv18-1337,18QY0356,2018
Pv18-1338,18QY0357,2018
Pv18-1339,18QY0358,2018
Pv18-1340,18QY0359,2018
Pv18-1341,18QY0360,2018
Pv18-1342,18QY0361,2018
Pv18-1343,18QY0362,2018
Pv18-1344,18QY0363,2018
Pv18-1345,18QY0364,2018
Pv18-1346,18QY0365,2018
Pv18-1347,18QY0366,2018
Pv18-1348,18QY0367,2018
Pv18-1349,18QY0368,2018
Pv18-1350,18QY0369,2018
Pv18-1351,18QY0370,2018
Pv18-1352,18QY0371,2018
Pv18-1353,18QY0372,2018
Pv18-1354,18QY0373,2018
Pv18-1355,18QY0374,2018
Pv18-1356,18QY0375,2018
Pv18-1357,18QY0376,2018
Pv18-1358,18QY0377,2018
Pv18-1359,18QY0378,2018
Pv18-1360,18QY0379,2018
Pv18-1361,18QY0380,2018
Pv18-1362,18QY0381,2018
Pv18-1363,18QY0382,2018
Pv18-1364,18QY0383,2018
Pv18-1365,18QY0384,2018
Pv18-1366,18QY0385,2018
Pv18-1367,18QY0386,2018
Pv18-1368,18QY0387,2018
Pv18-1369,18QY0388,2018
Pv18-1370,18QY0389,2018
Pv18-1371,18QY0390,2018
Pv18-1372,18QY0391,2018
Pv18-1373,18QY0392,2018
Pv18-1374,18QY0393,2018
Pv18-1375,18QY0394,2018
Pv18-1376,18QY0395,2018
Pv18-1377,18QY0396,2018
Pv18-1378,18QY0397,2018
Pv18-1379,18QY0398,2018
Pv18-1380,18QY0399,2018
Pv18-1381,18QY0400,2018
Pv18-1382,18QY0401,2018
Pv18-1383,18QY0402,2018
Pv18-1384,18QY0403,2018
Pv18-1385,18QY0404,2018
Pv18-1386,18QY0405,2018
Pv18-1387,18QY0406,2018
Pv18-1388,18QY0407,2018
Pv18-1389,18QY0408,2018
Pv18-1390,18QY0409,2018
Pv18-1391,18QY0410,2018
Pv18-1392,18QY0411,2018
Pv18-1393,18QY0412,2018
Pv18-1394,18QY0413,2018
Pv18-1395,18QY0414,2018
Pv18-1396,18QY0415,2018
Pv18-1397,18QY0416,2018
Pv18-1398,18QY0417,2018
Pv18-1399,18QY0418,2018
Pv18-1400,18QY0419,2018
Pv18-1401,18QY0420,2018
Pv18-1402,18QY0421,2018
Pv18-1403,18QY0422,2018
Pv18-1404,18QY0423,2018
Pv18-1405,18QY0424,2018
Pv18-1406,18QY0425,2018
Pv18-1407,18QY0426,2018
Pv18-1408,18QY0427,2018
Pv18-1409,18QY0428,2018
Pv18-1410,18QY0429,2018
Pv18-1411,18QY0430,2018
Pv18-1412,18QY0431,2018
Pv18-1413,18QY0432,2018
Pv18-1414,18QY0433,2018
Pv18-1415,18QY0434,2018
Pv18-1416,18QY0435,2018
Pv18-1417,18QY0436,2018
Pv18-1418,18QY0437,2018
Pv18-1419,18QY0438,2018
Pv18-1420,18QY0439,2018
Pv18-1421,18QY0440,2018
Pv18-1422,18QY0441,2018
Pv18-1423,18QY0442,2018
Pv18-1424,18QY0443,2018
Pv18-1425,18QY0444,2018
Pv18-1426,18QY0445,2018
Pv18-1427,18QY0446,2018
Pv18-1428,18QY0447,2018
Pv18-1429,18QY0448,2018
Pv18-1430,18QY0449,2018
Pv18-1431,18QY0450,2018
Pv18-1432,18QY0451,2018
Pv18-1433,18QY0452,2018
Pv18-1434,18QY0453,2018
Pv18-1435,18QY0454,2018
Pv18-1436,18QY0455,2018
Pv18-1437,18QY0456,2018
Pv18-1438,18QY0457,2018
Pv18-1439,18QY0458,2018
Pv18-1440,18QY0459,2018
Pv18-1441,18QY0460,2018
NTC_11,NTC_11,NA
NTC_12,NTC_12,NA
NTC_13,NTC_13,NA
NTC_14,NTC_14,NA
NTC_15,NTC_15,NA
NTC_16,NTC_16,NA
NTC_17,NTC_17,NA
NTC_18,NTC_18,NA
NTC_19,NTC_19,NA
NTC_20,NTC_20,NA
NTC_21,NTC_21,NA
NTC_22,NTC_22,NA
NTC_23,NTC_23,NA
NTC_24,NTC_24,NA
NTC_25,NTC_25,NA
NTC_26,NTC_26,NA
NTC_27,NTC_27,NA
NTC_28,NTC_28,NA
NTC_29,NTC_29,NA
NTC_30,NTC_30,NA
NTC_31,NTC_31,NA
NTC_32,NTC_32,NA
NTC_33,NTC_33,NA
NTC_34,NTC_34,NA
NTC_35,NTC_35,NA
NTC_36,NTC_36,NA
NTC_37,NTC_37,NA
NTC_38,NTC_38,NA
NTC_40,NTC_40,NA
NTC_41,NTC_41,NA
NTC_42,NTC_42,NA
